{"cameraMode":{"drawMode":0,"name":"Shaded","section":"Shading Mode"},"sceneLighting":true,"audioPlay":false,"sceneViewState":{"m_AlwaysRefresh":true,"showFog":true,"showSkybox":true,"showFlares":true,"showImageEffects":true,"showParticleSystems":true,"showVisualEffectGraphs":true,"m_FxEnabled":true},"in2DMode":false,"pivot":{"x":2.935530662536621,"y":0.27750396728515627,"z":-3.268613338470459},"rotation":{"x":0.2137805074453354,"y":0.3658730089664459,"z":-0.08675166219472885,"w":0.9016133546829224},"size":10.721192359924317,"orthographic":false}